Sample,File,Residue_ID,Phi,Psi
Sample 1,8olq_AF2.cif,2,-85.54,56.43
Sample 1,8olq_AF2.cif,3,-67.27,-102.05
Sample 1,8olq_AF2.cif,4,155.83,22.7
Sample 1,8olq_AF2.cif,5,-164.64,146.6
Sample 1,8olq_AF2.cif,6,-43.44,-152.32
Sample 1,8olq_AF2.cif,7,-135.45,90.35
Sample 1,8olq_AF2.cif,8,-29.44,-161.04
Sample 1,8olq_AF2.cif,9,-168.5,-82.62
Sample 1,8olq_AF2.cif,10,102.83,-11.93
Sample 1,8olq_AF2.cif,11,-81.04,15.18
Sample 1,8olq_AF2.cif,12,55.72,-93.25
Sample 1,8olq_AF2.cif,13,127.98,-76.87
Sample 1,8olq_AF2.cif,14,-154.36,51.72
Sample 1,8olq_AF2.cif,15,137.89,-151.38
Sample 1,8olq_AF2.cif,16,8.89,-151.59
Sample 1,8olq_AF2.cif,17,-46.66,163.49
Sample 1,8olq_AF2.cif,18,134.85,-26.19
Sample 1,8olq_AF2.cif,19,-74.66,40.01
Sample 1,8olq_AF2.cif,20,-87.34,17.14
Sample 1,8olq_AF2.cif,21,-66.33,31.05
Sample 1,8olq_AF2.cif,22,128.26,66.92
Sample 1,8olq_AF2.cif,23,-63.63,-95.87
Sample 1,8olq_AF2.cif,24,-146.78,82.92
Sample 1,8olq_AF2.cif,25,153.08,-91.66
Sample 1,8olq_AF2.cif,26,-31.9,-21.3
Sample 1,8olq_AF2.cif,27,96.16,116.98
Sample 1,8olq_AF2.cif,28,155.24,178.62
Sample 1,8olq_AF2.cif,29,-85.89,-126.09
Sample 1,8olq_AF2.cif,30,53.0,-34.56
Sample 1,8olq_AF2.cif,31,9.3,-9.56
Sample 1,8olq_AF2.cif,32,64.88,-25.25
Sample 1,8olq_AF2.cif,33,53.83,-18.55
Sample 1,8olq_AF2.cif,34,-17.94,32.74
Sample 1,8olq_AF2.cif,35,174.59,-177.09
Sample 1,8olq_AF2.cif,36,73.95,48.26
Sample 1,8olq_AF2.cif,37,98.62,74.57
Sample 1,8olq_AF2.cif,38,-120.84,-148.95
Sample 1,8olq_AF2.cif,39,-148.3,83.18
Sample 1,8olq_AF2.cif,40,102.8,18.1
Sample 1,8olq_AF2.cif,41,135.4,-20.17
Sample 1,8olq_AF2.cif,2,153.26,25.63
Sample 1,8olq_AF2.cif,3,-125.98,137.07
Sample 1,8olq_AF2.cif,4,48.13,-69.32
Sample 1,8olq_AF2.cif,5,38.92,-16.27
Sample 1,8olq_AF2.cif,6,120.28,-110.12
Sample 1,8olq_AF2.cif,7,0.31,63.43
Sample 1,8olq_AF2.cif,8,179.5,146.19
Sample 1,8olq_AF2.cif,9,-55.7,-52.35
Sample 1,8olq_AF2.cif,10,-80.54,-33.17
Sample 1,8olq_AF2.cif,11,-104.24,-157.14
Sample 1,8olq_AF2.cif,12,145.83,16.99
Sample 1,8olq_AF2.cif,13,-82.56,124.98
Sample 1,8olq_AF2.cif,14,-3.63,-177.95
Sample 1,8olq_AF2.cif,15,171.61,69.34
Sample 1,8olq_AF2.cif,16,-173.39,-136.82
Sample 1,8olq_AF2.cif,17,70.97,36.09
Sample 1,8olq_AF2.cif,18,-4.13,78.33
Sample 1,8olq_AF2.cif,19,122.43,-51.83
Sample 1,8olq_AF2.cif,20,-140.99,167.74
Sample 1,8olq_AF2.cif,21,-14.65,-122.66
Sample 1,8olq_AF2.cif,22,164.64,-76.7
Sample 1,8olq_AF2.cif,23,-105.88,159.01
Sample 1,8olq_AF2.cif,24,-22.68,-63.53
Sample 1,8olq_AF2.cif,2,92.43,130.43
Sample 1,8olq_AF2.cif,3,132.71,-47.86
Sample 1,8olq_AF2.cif,4,104.95,115.19
Sample 1,8olq_AF2.cif,5,-132.96,-4.1
Sample 1,8olq_AF2.cif,6,-92.41,-175.97
Sample 1,8olq_AF2.cif,7,-62.39,-86.66
Sample 1,8olq_AF2.cif,8,-53.19,-105.46
Sample 1,8olq_AF2.cif,9,-82.2,141.63
Sample 1,8olq_AF2.cif,10,95.01,-40.05
Sample 1,8olq_AF2.cif,11,105.02,-150.69
Sample 1,8olq_AF2.cif,12,66.72,94.32
Sample 1,8olq_AF2.cif,13,-145.29,-97.21
Sample 1,8olq_AF2.cif,14,-63.2,-42.69
Sample 1,8olq_AF2.cif,15,50.32,-174.86
Sample 1,8olq_AF2.cif,16,78.64,72.48
Sample 1,8olq_AF2.cif,17,-52.88,103.4
Sample 1,8olq_AF2.cif,18,172.44,136.65
Sample 1,8olq_AF2.cif,19,-30.03,132.08
Sample 1,8olq_AF2.cif,20,10.14,139.75
Sample 1,8olq_AF2.cif,21,-108.76,-22.03
Sample 1,8olq_AF2.cif,22,-92.29,23.03
Sample 1,8olq_AF2.cif,23,113.26,172.48
Sample 1,8olq_AF2.cif,24,-121.33,-20.01
Sample 1,8olq_AF2.cif,25,-113.8,44.1
Sample 1,8olq_AF2.cif,26,98.88,-83.48
Sample 1,8olq_AF2.cif,27,74.39,-25.32
Sample 1,8olq_AF2.cif,28,-107.36,-127.95
Sample 1,8olq_AF2.cif,29,8.58,-46.22
Sample 1,8olq_AF2.cif,30,81.33,112.58
Sample 1,8olq_AF2.cif,31,25.92,84.43
Sample 1,8olq_AF2.cif,32,67.32,-90.53
Sample 1,8olq_AF2.cif,33,-10.39,158.12
Sample 1,8olq_AF2.cif,34,-147.49,-30.66
Sample 1,8olq_AF2.cif,35,158.67,-173.68
Sample 1,8olq_AF2.cif,36,-79.23,-85.2
Sample 1,8olq_AF2.cif,37,49.27,-51.4
Sample 1,8olq_AF2.cif,38,140.26,-148.4
Sample 1,8olq_AF2.cif,39,129.18,-86.16
Sample 1,8olq_AF2.cif,2,-65.22,43.23
Sample 1,8olq_AF2.cif,3,69.56,30.16
Sample 1,8olq_AF2.cif,4,-129.64,-99.52
Sample 1,8olq_AF2.cif,5,60.39,-177.94
Sample 1,8olq_AF2.cif,6,136.28,121.66
Sample 1,8olq_AF2.cif,7,141.56,-69.01
Sample 1,8olq_AF2.cif,8,-137.53,-24.69
Sample 1,8olq_AF2.cif,9,-97.15,79.1
Sample 1,8olq_AF2.cif,10,-160.76,-27.19
Sample 1,8olq_AF2.cif,11,-27.13,121.59
Sample 1,8olq_AF2.cif,12,-1.52,74.2
Sample 1,8olq_AF2.cif,13,45.77,88.49
Sample 1,8olq_AF2.cif,14,-167.93,-76.47
Sample 1,8olq_AF2.cif,15,-11.57,15.12
Sample 1,8olq_AF2.cif,16,-84.5,158.24
Sample 1,8olq_AF2.cif,17,-164.42,166.23
Sample 1,8olq_AF2.cif,18,130.87,25.9
Sample 1,8olq_AF2.cif,19,150.84,53.42
Sample 1,8olq_AF2.cif,20,78.81,-94.29
Sample 1,8olq_AF2.cif,21,-92.01,-167.36
Sample 1,8olq_AF2.cif,22,-61.14,117.39
Sample 1,8olq_AF2.cif,23,120.72,73.29
Sample 1,8olq_AF2.cif,24,-60.03,131.11
Sample 1,8olq_AF2.cif,25,44.49,-66.61
Sample 1,8olq_AF2.cif,26,86.47,-89.49
Sample 1,8olq_AF2.cif,27,164.28,-119.24
Sample 1,8olq_AF2.cif,28,44.19,71.46
Sample 1,8olq_AF2.cif,29,-9.9,-3.92
Sample 1,8olq_AF2.cif,30,-107.21,-47.11
Sample 1,8olq_AF2.cif,31,112.34,-157.21
Sample 1,8olq_AF2.cif,32,-52.55,79.26
Sample 1,8olq_AF2.cif,33,-64.61,-77.31
Sample 1,8olq_AF2.cif,34,-90.85,-172.49
Sample 1,8olq_AF2.cif,35,-14.08,9.83
Sample 1,8olq_AF2.cif,36,34.45,54.49
Sample 1,8olq_AF2.cif,37,73.98,-101.87
Sample 1,8olq_AF2.cif,38,-136.92,25.6
Sample 1,8olq_AF2.cif,39,137.13,-75.45
Sample 1,8olq_AF2.cif,40,33.68,-90.34
Sample 1,8olq_AF2.cif,41,-61.84,-151.07
Sample 1,8olq_AF2.cif,42,-75.12,-4.71
Sample 1,8olq_AF2.cif,43,120.48,-156.87
Sample 1,8olq_AF2.cif,44,166.93,125.58
Sample 1,8olq_AF2.cif,45,-84.5,-155.85
Sample 1,8olq_AF2.cif,46,-80.23,28.22
Sample 1,8olq_AF2.cif,47,55.24,12.68
Sample 1,8olq_AF2.cif,48,110.57,61.62
Sample 1,8olq_AF2.cif,49,108.95,69.26
Sample 1,8olq_AF2.cif,50,-124.05,19.92
Sample 1,8olq_AF2.cif,51,-55.3,-67.47
Sample 1,8olq_AF2.cif,52,-30.98,97.33
Sample 1,8olq_AF2.cif,53,-36.5,-160.47
Sample 1,8olq_AF2.cif,54,120.28,71.06
Sample 1,8olq_AF2.cif,55,55.39,75.19
Sample 1,8olq_AF2.cif,56,-77.64,-88.8
Sample 1,8olq_AF2.cif,57,-98.77,53.21
Sample 1,8olq_AF2.cif,58,-22.24,135.37
Sample 1,8olq_AF2.cif,59,-106.84,-6.01
Sample 1,8olq_AF2.cif,60,-91.34,157.61
Sample 1,8olq_AF2.cif,61,179.65,172.18
Sample 1,8olq_AF2.cif,62,-116.39,154.65
Sample 1,8olq_AF2.cif,63,92.67,-168.04
Sample 1,8olq_AF2.cif,64,-66.71,39.14
Sample 1,8olq_AF2.cif,65,93.8,73.25
Sample 1,8olq_AF2.cif,66,-105.01,-11.02
Sample 1,8olq_AF2.cif,67,-30.86,-163.01
Sample 1,8olq_AF2.cif,68,156.73,-62.87
Sample 1,8olq_AF2.cif,69,147.39,107.38
Sample 1,8olq_AF2.cif,70,24.75,149.26
Sample 1,8olq_AF2.cif,71,109.56,156.62
Sample 1,8olq_AF2.cif,72,176.45,-111.26
Sample 1,8olq_AF2.cif,73,80.06,-165.78
Sample 1,8olq_AF2.cif,74,42.99,-129.17
Sample 1,8olq_AF2.cif,75,-2.51,-157.82
Sample 1,8olq_AF2.cif,76,135.15,-82.07
Sample 1,8olq_AF2.cif,77,157.76,78.29
Sample 1,8olq_AF2.cif,78,87.51,-172.23
Sample 1,8olq_AF2.cif,79,-176.89,137.9
Sample 1,8olq_AF2.cif,80,-107.39,-56.64
Sample 1,8olq_AF2.cif,81,-86.04,-44.04
Sample 1,8olq_AF2.cif,82,-127.37,-11.66
Sample 1,8olq_AF2.cif,83,-59.64,-12.04
Sample 1,8olq_AF2.cif,84,71.28,53.81
Sample 1,8olq_AF2.cif,85,-132.32,-3.94
Sample 1,8olq_AF2.cif,86,98.56,-95.14
Sample 1,8olq_AF2.cif,87,7.66,-38.7
Sample 1,8olq_AF2.cif,88,-175.24,-20.98
Sample 1,8olq_AF2.cif,89,-25.35,-137.67
Sample 1,8olq_AF2.cif,90,172.43,63.19
Sample 1,8olq_AF2.cif,91,127.04,17.05
Sample 1,8olq_AF2.cif,92,-45.4,64.95
Sample 1,8olq_AF2.cif,93,107.43,-36.72
Sample 1,8olq_AF2.cif,94,143.36,17.85
Sample 1,8olq_AF2.cif,95,-82.16,178.04
Sample 1,8olq_AF2.cif,96,-158.92,-131.63
Sample 1,8olq_AF2.cif,97,174.08,-103.58
Sample 1,8olq_AF2.cif,98,-46.23,47.58
Sample 1,8olq_AF2.cif,99,177.42,-20.23
Sample 1,8olq_AF2.cif,100,-169.35,160.35
Sample 1,8olq_AF2.cif,101,-93.7,-67.61
Sample 1,8olq_AF2.cif,102,66.64,-135.3
Sample 1,8olq_AF2.cif,103,91.47,44.91
Sample 1,8olq_AF2.cif,104,72.12,71.2
Sample 1,8olq_AF2.cif,105,72.44,-96.9
Sample 1,8olq_AF2.cif,106,176.25,1.14
Sample 1,8olq_AF2.cif,107,76.72,139.53
Sample 1,8olq_AF2.cif,108,178.67,-169.37
Sample 1,8olq_AF2.cif,109,-19.65,27.68
Sample 1,8olq_AF2.cif,110,19.79,34.52
Sample 1,8olq_AF2.cif,111,-119.17,-162.22
Sample 1,8olq_AF2.cif,112,37.64,-72.76
Sample 1,8olq_AF2.cif,113,149.48,-10.42
Sample 1,8olq_AF2.cif,114,4.22,-149.48
Sample 1,8olq_AF2.cif,115,-135.05,-142.85
Sample 1,8olq_AF2.cif,116,128.31,-41.58
Sample 1,8olq_AF2.cif,117,-12.13,-4.02
Sample 1,8olq_AF2.cif,118,63.02,177.45
Sample 1,8olq_AF2.cif,119,-69.91,-32.18
Sample 1,8olq_AF2.cif,120,-123.69,38.06
Sample 1,8olq_AF2.cif,121,-177.68,-18.41
Sample 1,8olq_AF2.cif,122,-113.81,-101.75
Sample 1,8olq_AF2.cif,123,154.13,133.72
Sample 1,8olq_AF2.cif,124,-18.43,3.7
Sample 1,8olq_AF2.cif,125,150.1,24.15
Sample 1,8olq_AF2.cif,126,-62.55,45.14
Sample 1,8olq_AF2.cif,127,65.89,-28.05
Sample 1,8olq_AF2.cif,128,34.86,128.34
Sample 1,8olq_AF2.cif,129,-75.96,-87.15
Sample 1,8olq_AF2.cif,130,112.99,-129.99
Sample 1,8olq_AF2.cif,131,-103.11,-61.8
Sample 1,8olq_AF2.cif,132,-93.39,156.03
Sample 1,8olq_AF2.cif,133,-17.81,161.85
Sample 1,8olq_AF2.cif,134,-148.82,39.92
Sample 1,8olq_AF2.cif,135,-50.77,178.01
Sample 1,8olq_AF2.cif,136,-177.35,82.17
Sample 1,8olq_AF2.cif,137,96.13,-102.64
Sample 1,8olq_AF2.cif,138,-86.23,55.18
Sample 1,8olq_AF2.cif,139,-51.15,37.1
Sample 1,8olq_AF2.cif,2,44.38,163.22
Sample 1,8olq_AF2.cif,3,145.24,-39.45
Sample 1,8olq_AF2.cif,4,-32.46,-12.72
Sample 1,8olq_AF2.cif,5,-159.27,156.63
Sample 1,8olq_AF2.cif,6,72.87,110.86
Sample 1,8olq_AF2.cif,7,34.5,-143.71
Sample 1,8olq_AF2.cif,8,165.9,-172.09
Sample 1,8olq_AF2.cif,9,-81.72,130.68
Sample 1,8olq_AF2.cif,10,-113.75,84.52
Sample 1,8olq_AF2.cif,11,-46.51,147.04
Sample 1,8olq_AF2.cif,12,-87.7,78.91
Sample 1,8olq_AF2.cif,13,-132.86,-36.44
Sample 1,8olq_AF2.cif,14,-24.84,95.28
Sample 1,8olq_AF2.cif,15,-54.81,96.22
Sample 1,8olq_AF2.cif,16,111.96,60.47
Sample 1,8olq_AF2.cif,17,32.33,-7.19
Sample 1,8olq_AF2.cif,18,62.84,168.04
Sample 1,8olq_AF2.cif,19,-61.81,107.7
Sample 1,8olq_AF2.cif,20,75.09,173.48
Sample 1,8olq_AF2.cif,21,-35.75,167.69
Sample 1,8olq_AF2.cif,22,97.22,0.91
Sample 1,8olq_AF2.cif,23,-43.2,156.93
Sample 1,8olq_AF2.cif,24,-15.99,75.01
Sample 1,8olq_AF2.cif,25,-56.68,-7.97
Sample 1,8olq_AF2.cif,26,108.15,102.67
Sample 1,8olq_AF2.cif,27,-7.76,102.0
Sample 1,8olq_AF2.cif,2,-171.81,13.39
Sample 1,8olq_AF2.cif,3,-159.66,88.97
Sample 1,8olq_AF2.cif,4,-11.49,146.19
Sample 1,8olq_AF2.cif,5,-8.76,-5.96
Sample 1,8olq_AF2.cif,6,6.33,-160.9
Sample 1,8olq_AF2.cif,7,-17.99,-136.2
Sample 1,8olq_AF2.cif,8,74.78,-66.14
Sample 1,8olq_AF2.cif,9,24.34,131.59
Sample 1,8olq_AF2.cif,10,80.07,28.73
Sample 1,8olq_AF2.cif,11,45.29,-59.09
Sample 1,8olq_AF2.cif,12,-111.83,-179.92
Sample 1,8olq_AF2.cif,13,-142.39,75.12
Sample 1,8olq_AF2.cif,14,170.52,-66.4
Sample 1,8olq_AF2.cif,15,9.12,-26.81
Sample 1,8olq_AF2.cif,16,120.33,118.62
Sample 1,8olq_AF2.cif,17,121.13,-33.53
Sample 1,8olq_AF2.cif,18,59.32,18.98
Sample 1,8olq_AF2.cif,19,-147.87,152.57
Sample 1,8olq_AF2.cif,20,85.24,152.64
Sample 1,8olq_AF2.cif,21,74.98,50.08
Sample 1,8olq_AF2.cif,22,-150.08,-103.35
Sample 1,8olq_AF2.cif,23,106.24,156.94
Sample 1,8olq_AF2.cif,24,14.47,17.13
Sample 1,8olq_AF2.cif,25,76.25,61.12
Sample 1,8olq_AF2.cif,26,-143.22,41.57
Sample 1,8olq_AF2.cif,27,-53.93,103.55
Sample 1,8olq_AF2.cif,28,-179.01,-64.21
Sample 1,8olq_AF2.cif,29,107.2,70.46
Sample 1,8olq_AF2.cif,30,-150.37,37.06
Sample 1,8olq_AF2.cif,31,148.15,159.4
Sample 1,8olq_AF2.cif,32,-51.48,19.67
Sample 1,8olq_AF2.cif,33,66.86,1.94
Sample 1,8olq_AF2.cif,34,104.17,-144.11
Sample 1,8olq_AF2.cif,35,96.53,79.33
Sample 1,8olq_AF2.cif,36,-132.51,-158.75
Sample 1,8olq_AF2.cif,37,139.74,167.02
Sample 1,8olq_AF2.cif,38,-78.19,-81.74
Sample 1,8olq_AF2.cif,39,48.14,171.95
Sample 1,8olq_AF2.cif,40,165.61,-74.36
Sample 1,8olq_AF2.cif,41,-34.85,-93.91
Sample 1,8olq_AF2.cif,42,-171.82,106.47
Sample 1,8olq_AF2.cif,43,-76.78,179.23
Sample 1,8olq_AF2.cif,44,-64.01,98.26
Sample 1,8olq_AF2.cif,45,-104.15,8.8
Sample 1,8olq_AF2.cif,46,-179.09,84.08
Sample 1,8olq_AF2.cif,47,-91.78,-57.13
Sample 1,8olq_AF2.cif,48,-160.4,175.08
Sample 1,8olq_AF2.cif,49,24.51,-122.13
Sample 1,8olq_AF2.cif,50,-32.49,168.77
Sample 1,8olq_AF2.cif,51,137.78,13.09
Sample 1,8olq_AF2.cif,52,-48.76,-53.01
Sample 1,8olq_AF2.cif,53,71.31,-147.3
Sample 1,8olq_AF2.cif,54,-112.25,-12.7
Sample 1,8olq_AF2.cif,55,87.89,-18.26
Sample 1,8olq_AF2.cif,56,11.29,45.94
Sample 1,8olq_AF2.cif,57,140.98,37.34
Sample 1,8olq_AF2.cif,58,-162.26,-135.45
Sample 1,8olq_AF2.cif,59,-166.42,-162.29
Sample 1,8olq_AF2.cif,60,-25.66,90.48
Sample 1,8olq_AF2.cif,61,-27.99,116.43
Sample 1,8olq_AF2.cif,62,76.23,-76.21
Sample 1,8olq_AF2.cif,63,-17.22,117.49
Sample 1,8olq_AF2.cif,64,-39.49,-88.01
Sample 1,8olq_AF2.cif,65,138.7,52.82
Sample 1,8olq_AF2.cif,66,101.1,72.76
Sample 1,8olq_AF2.cif,67,84.76,13.49
Sample 1,8olq_AF2.cif,68,127.85,-16.92
Sample 1,8olq_AF2.cif,69,87.59,-149.81
Sample 1,8olq_AF2.cif,70,171.09,-64.27
Sample 1,8olq_AF2.cif,71,130.11,89.69
Sample 1,8olq_AF2.cif,72,-146.18,-70.81
Sample 1,8olq_AF2.cif,2,-89.87,-170.09
Sample 1,8olq_AF2.cif,3,-175.57,-20.09
Sample 1,8olq_AF2.cif,4,-45.85,-103.33
Sample 1,8olq_AF2.cif,5,36.7,66.62
Sample 1,8olq_AF2.cif,6,82.21,175.67
Sample 1,8olq_AF2.cif,7,77.23,170.74
Sample 1,8olq_AF2.cif,8,-98.77,55.59
Sample 1,8olq_AF2.cif,9,92.11,4.73
Sample 1,8olq_AF2.cif,10,-55.05,-97.37
Sample 1,8olq_AF2.cif,11,177.47,159.44
Sample 1,8olq_AF2.cif,12,73.2,35.5
Sample 1,8olq_AF2.cif,13,-156.59,-80.09
Sample 1,8olq_AF2.cif,14,-155.14,52.27
Sample 1,8olq_AF2.cif,15,66.4,-50.4
Sample 1,8olq_AF2.cif,16,-86.82,-178.43
Sample 1,8olq_AF2.cif,2,-161.73,-125.01
Sample 1,8olq_AF2.cif,3,-58.95,58.5
Sample 1,8olq_AF2.cif,4,-11.36,-92.98
Sample 1,8olq_AF2.cif,5,109.05,62.62
Sample 1,8olq_AF2.cif,6,-1.13,-100.63
Sample 1,8olq_AF2.cif,7,-86.29,176.53
Sample 1,8olq_AF2.cif,8,167.86,-131.96
Sample 1,8olq_AF2.cif,9,-147.63,53.74
Sample 1,8olq_AF2.cif,10,-119.0,-103.1
Sample 1,8olq_AF2.cif,11,64.32,-42.95
Sample 1,8olq_AF2.cif,12,-171.13,-140.81
Sample 1,8olq_AF2.cif,13,-144.69,175.56
Sample 1,8olq_AF2.cif,14,-132.67,-37.48
Sample 1,8olq_AF2.cif,15,44.71,71.86
Sample 1,8olq_AF2.cif,16,-28.43,21.52
Sample 1,8olq_AF2.cif,17,55.39,120.04
Sample 1,8olq_AF2.cif,18,-7.53,-153.22
Sample 1,8olq_AF2.cif,19,175.21,-121.19
Sample 1,8olq_AF2.cif,20,49.2,-104.58
Sample 1,8olq_AF2.cif,21,107.83,-163.94
Sample 1,8olq_AF2.cif,22,91.51,142.4
Sample 1,8olq_AF2.cif,23,41.02,175.3
Sample 1,8olq_AF2.cif,24,120.69,5.61
Sample 1,8olq_AF2.cif,25,38.78,-142.27
Sample 1,8olq_AF2.cif,26,111.7,47.63
Sample 1,8olq_AF2.cif,27,6.18,-12.37
Sample 1,8olq_AF2.cif,28,84.76,-141.42
Sample 1,8olq_AF2.cif,29,-28.88,-153.02
Sample 1,8olq_AF2.cif,30,-54.14,-45.21
Sample 1,8olq_AF2.cif,31,-91.4,78.8
Sample 1,8olq_AF2.cif,32,-60.92,-175.99
Sample 1,8olq_AF2.cif,33,-88.16,-15.27
Sample 1,8olq_AF2.cif,34,-151.26,-163.28
Sample 1,8olq_AF2.cif,35,-32.67,-59.64
Sample 1,8olq_AF2.cif,36,153.52,26.06
Sample 1,8olq_AF2.cif,37,-92.96,-34.98
Sample 1,8olq_AF2.cif,38,-74.13,-5.87
Sample 1,8olq_AF2.cif,39,14.09,134.1
Sample 1,8olq_AF2.cif,40,109.22,-52.25
Sample 1,8olq_AF2.cif,41,46.29,-27.8
Sample 1,8olq_AF2.cif,42,-16.21,-102.48
Sample 1,8olq_AF2.cif,43,-127.41,-122.3
Sample 1,8olq_AF2.cif,44,-51.19,-89.31
Sample 1,8olq_AF2.cif,45,125.42,90.38
Sample 1,8olq_AF2.cif,46,10.02,19.89
Sample 1,8olq_AF2.cif,47,-73.27,-75.37
Sample 1,8olq_AF2.cif,48,83.65,-81.89
Sample 1,8olq_AF2.cif,49,-148.36,63.73
Sample 1,8olq_AF2.cif,50,129.71,-61.32
Sample 1,8olq_AF2.cif,51,116.87,-62.73
Sample 1,8olq_AF2.cif,52,-100.97,-93.83
Sample 1,8olq_AF2.cif,53,-179.46,94.08
Sample 1,8olq_AF2.cif,54,-3.07,67.33
Sample 1,8olq_AF2.cif,55,-94.63,-115.02
Sample 1,8olq_AF2.cif,56,45.44,-74.63
Sample 1,8olq_AF2.cif,57,-89.62,-164.31
Sample 1,8olq_AF2.cif,58,-43.27,-44.16
Sample 1,8olq_AF2.cif,59,20.11,-128.34
Sample 1,8olq_AF2.cif,60,81.54,-151.11
Sample 1,8olq_AF2.cif,61,-97.77,30.86
Sample 1,8olq_AF2.cif,62,-102.34,-124.78
Sample 1,8olq_AF2.cif,63,-54.49,15.99
Sample 1,8olq_AF2.cif,2,149.2,-163.55
Sample 1,8olq_AF2.cif,3,-74.24,-159.29
Sample 1,8olq_AF2.cif,4,-133.55,-94.75
Sample 1,8olq_AF2.cif,5,-74.34,172.5
Sample 1,8olq_AF2.cif,6,125.72,75.59
Sample 1,8olq_AF2.cif,7,10.1,13.76
Sample 1,8olq_AF2.cif,8,-105.01,178.59
Sample 1,8olq_AF2.cif,9,-46.5,-120.51
Sample 1,8olq_AF2.cif,10,-124.03,-168.64
Sample 1,8olq_AF2.cif,11,110.9,-135.46
Sample 1,8olq_AF2.cif,12,118.53,161.14
Sample 1,8olq_AF2.cif,13,75.45,-24.97
Sample 1,8olq_AF2.cif,14,-83.36,152.3
Sample 1,8olq_AF2.cif,15,-74.49,36.47
Sample 1,8olq_AF2.cif,16,172.72,22.79
Sample 1,8olq_AF2.cif,17,110.2,132.66
Sample 1,8olq_AF2.cif,18,-146.65,54.02
Sample 1,8olq_AF2.cif,19,144.48,72.03
Sample 1,8olq_AF2.cif,20,82.43,51.26
Sample 1,8olq_AF2.cif,21,128.28,131.15
Sample 1,8olq_AF2.cif,22,167.35,99.02
Sample 1,8olq_AF2.cif,23,-18.43,122.52
Sample 1,8olq_AF2.cif,24,-101.04,-145.48
Sample 1,8olq_AF2.cif,25,-101.39,91.25
Sample 1,8olq_AF2.cif,26,-10.51,171.64
Sample 1,8olq_AF2.cif,27,-125.91,-41.9
Sample 1,8olq_AF2.cif,28,122.38,39.21
Sample 1,8olq_AF2.cif,29,-63.52,73.59
Sample 1,8olq_AF2.cif,30,-27.09,45.53
Sample 1,8olq_AF2.cif,31,-132.34,-0.53
Sample 1,8olq_AF2.cif,32,122.04,-84.25
Sample 1,8olq_AF2.cif,33,56.36,-124.94
Sample 1,8olq_AF2.cif,34,1.9,-101.13
Sample 1,8olq_AF2.cif,35,-104.14,-97.84
Sample 1,8olq_AF2.cif,36,-4.17,173.26
Sample 1,8olq_AF2.cif,37,-67.9,150.31
Sample 1,8olq_AF2.cif,38,119.83,-73.86
Sample 1,8olq_AF2.cif,39,-23.81,77.41
Sample 1,8olq_AF2.cif,40,-102.23,152.05
Sample 1,8olq_AF2.cif,41,-18.06,37.44
Sample 1,8olq_AF2.cif,42,60.1,-15.42
Sample 1,8olq_AF2.cif,43,5.79,158.01
Sample 1,8olq_AF2.cif,44,52.38,108.18
Sample 1,8olq_AF2.cif,45,79.1,-18.44
Sample 1,8olq_AF2.cif,46,116.72,-39.22
Sample 1,8olq_AF2.cif,47,-135.88,-102.8
Sample 1,8olq_AF2.cif,48,-54.26,19.78
Sample 1,8olq_AF2.cif,49,3.99,143.88
Sample 1,8olq_AF2.cif,50,60.43,42.3
Sample 1,8olq_AF2.cif,51,84.51,-68.47
Sample 1,8olq_AF2.cif,52,64.7,43.62
Sample 1,8olq_AF2.cif,53,65.94,-28.48
Sample 1,8olq_AF2.cif,54,16.98,-135.08
Sample 1,8olq_AF2.cif,55,-157.64,-153.58
Sample 1,8olq_AF2.cif,56,-36.28,-165.78
Sample 1,8olq_AF2.cif,57,-42.18,-89.0
Sample 1,8olq_AF2.cif,58,88.61,-16.55
Sample 1,8olq_AF2.cif,59,43.21,107.34
Sample 1,8olq_AF2.cif,60,-18.52,-144.3
Sample 1,8olq_AF2.cif,61,-93.7,-59.92
Sample 1,8olq_AF2.cif,62,-163.11,-63.76
Sample 1,8olq_AF2.cif,63,21.13,123.61
Sample 1,8olq_AF2.cif,64,-36.71,177.36
Sample 1,8olq_AF2.cif,65,62.43,-100.29
Sample 1,8olq_AF2.cif,66,145.62,-163.89
Sample 1,8olq_AF2.cif,67,-123.14,131.26
Sample 1,8olq_AF2.cif,68,171.41,142.02
Sample 1,8olq_AF2.cif,69,139.69,61.88
Sample 1,8olq_AF2.cif,70,52.13,111.74
Sample 1,8olq_AF2.cif,71,70.45,53.63
Sample 1,8olq_AF2.cif,72,-8.94,67.54
Sample 1,8olq_AF2.cif,73,-29.45,25.24
Sample 1,8olq_AF2.cif,74,-110.92,-44.94
Sample 1,8olq_AF2.cif,75,16.37,103.87
Sample 1,8olq_AF2.cif,76,-33.15,-56.45
Sample 1,8olq_AF2.cif,77,55.17,-172.03
Sample 1,8olq_AF2.cif,78,105.85,7.97
Sample 1,8olq_AF2.cif,79,-88.7,-51.7
Sample 1,8olq_AF2.cif,80,99.43,-66.72
Sample 1,8olq_AF2.cif,81,-12.52,14.59
Sample 1,8olq_AF2.cif,82,-125.74,25.43
Sample 1,8olq_AF2.cif,83,116.04,-27.53
Sample 1,8olq_AF2.cif,84,47.64,-158.18
Sample 1,8olq_AF2.cif,85,130.09,23.72
Sample 1,8olq_AF2.cif,86,87.32,-100.31
Sample 1,8olq_AF2.cif,87,-70.16,52.55
Sample 1,8olq_AF2.cif,88,-114.93,-126.35
Sample 1,8olq_AF2.cif,89,10.92,21.41
Sample 1,8olq_AF2.cif,90,25.47,177.43
Sample 1,8olq_AF2.cif,91,-156.6,-150.65
Sample 1,8olq_AF2.cif,92,73.98,178.68
Sample 1,8olq_AF2.cif,93,49.35,102.83
Sample 1,8olq_AF2.cif,94,-34.98,36.66
Sample 1,8olq_AF2.cif,95,145.57,-174.36
Sample 1,8olq_AF2.cif,96,-42.17,12.33
Sample 1,8olq_AF2.cif,97,61.75,34.55
Sample 1,8olq_AF2.cif,98,-50.98,10.56
Sample 1,8olq_AF2.cif,99,133.52,-85.22
Sample 1,8olq_AF2.cif,100,143.57,15.78
Sample 1,8olq_AF2.cif,101,-36.7,-132.97
Sample 1,8olq_AF2.cif,102,-165.1,131.16
Sample 1,8olq_AF2.cif,103,-56.11,19.89
Sample 1,8olq_AF2.cif,104,-127.05,-158.84
Sample 1,8olq_AF2.cif,105,167.64,126.8
Sample 1,8olq_AF2.cif,106,-147.53,67.06
Sample 1,8olq_AF2.cif,107,-106.6,106.19
Sample 1,8olq_AF2.cif,108,-82.86,-3.85
Sample 1,8olq_AF2.cif,109,-72.03,16.91
Sample 1,8olq_AF2.cif,110,-122.78,170.82
Sample 1,8olq_AF2.cif,111,103.24,11.57
Sample 1,8olq_AF2.cif,112,115.53,95.61
Sample 1,8olq_AF2.cif,113,55.46,-96.12
Sample 1,8olq_AF2.cif,114,95.83,96.65
Sample 1,8olq_AF2.cif,115,-117.68,176.78
Sample 1,8olq_AF2.cif,116,-68.17,164.7
Sample 1,8olq_AF2.cif,117,-44.0,68.14
Sample 1,8olq_AF2.cif,118,78.57,169.88
Sample 1,8olq_AF2.cif,119,-67.53,68.97
Sample 1,8olq_AF2.cif,120,-91.64,76.73
Sample 1,8olq_AF2.cif,121,65.91,-47.54
Sample 1,8olq_AF2.cif,122,-68.33,-33.64
Sample 1,8olq_AF2.cif,123,52.14,-45.5
Sample 1,8olq_AF2.cif,124,-22.72,-106.53
Sample 1,8olq_AF2.cif,125,-17.46,-168.63
Sample 1,8olq_AF2.cif,126,-47.47,144.93
Sample 1,8olq_AF2.cif,127,116.53,98.88
Sample 1,8olq_AF2.cif,128,-44.18,-176.51
Sample 1,8olq_AF2.cif,129,135.35,-154.16
Sample 1,8olq_AF2.cif,130,-94.92,-68.86
Sample 1,8olq_AF2.cif,131,147.78,53.67
Sample 1,8olq_AF2.cif,132,173.69,5.53
Sample 1,8olq_AF2.cif,133,119.78,-136.6
Sample 1,8olq_AF2.cif,134,2.45,3.06
Sample 1,8olq_AF2.cif,135,-52.21,-111.09
Sample 1,8olq_AF2.cif,136,-133.31,-8.33
Sample 1,8olq_AF2.cif,137,8.19,23.84
Sample 1,8olq_AF2.cif,138,24.09,-26.6
Sample 1,8olq_AF2.cif,139,-166.66,-9.45
Sample 1,8olq_AF2.cif,140,88.04,-153.56
Sample 1,8olq_AF2.cif,141,83.97,-179.48
Sample 1,8olq_AF2.cif,142,26.07,-140.77
Sample 1,8olq_AF2.cif,143,-151.26,-14.31
Sample 1,8olq_AF2.cif,144,173.99,-36.7
Sample 1,8olq_AF2.cif,145,156.93,-41.56
Sample 1,8olq_AF2.cif,146,87.4,-71.57
Sample 1,8olq_AF2.cif,147,34.09,47.35
Sample 1,8olq_AF2.cif,148,-61.9,62.65
Sample 1,8olq_AF2.cif,149,11.7,-8.88
Sample 1,8olq_AF2.cif,150,-56.45,155.95
Sample 1,8olq_AF2.cif,151,-58.46,57.39
Sample 1,8olq_AF2.cif,152,-58.53,90.79
Sample 1,8olq_AF2.cif,153,-159.51,-56.08
Sample 1,8olq_AF2.cif,2,-19.61,-112.57
Sample 1,8olq_AF2.cif,3,158.13,-174.59
Sample 1,8olq_AF2.cif,4,87.37,82.29
Sample 1,8olq_AF2.cif,5,25.58,135.04
Sample 1,8olq_AF2.cif,6,40.37,130.31
Sample 1,8olq_AF2.cif,7,-31.78,-79.49
Sample 1,8olq_AF2.cif,8,155.46,-155.54
Sample 1,8olq_AF2.cif,9,108.87,45.42
Sample 1,8olq_AF2.cif,10,154.74,70.99
Sample 1,8olq_AF2.cif,11,147.64,-71.63
Sample 1,8olq_AF2.cif,12,-4.23,122.84
Sample 1,8olq_AF2.cif,13,-108.3,79.71
Sample 1,8olq_AF2.cif,14,-95.56,-67.63
Sample 1,8olq_AF2.cif,15,-52.17,-174.26
Sample 1,8olq_AF2.cif,16,-137.63,-41.98
Sample 1,8olq_AF2.cif,17,150.55,-178.81
Sample 1,8olq_AF2.cif,18,-145.22,63.13
Sample 1,8olq_AF2.cif,19,104.97,-81.19
Sample 1,8olq_AF2.cif,20,31.26,-113.8
Sample 1,8olq_AF2.cif,21,-78.45,-3.35
Sample 1,8olq_AF2.cif,22,-168.82,54.77
Sample 1,8olq_AF2.cif,23,-6.02,138.21
Sample 1,8olq_AF2.cif,24,45.25,-8.59
Sample 1,8olq_AF2.cif,25,26.53,18.5
Sample 1,8olq_AF2.cif,26,-81.5,-109.59
Sample 1,8olq_AF2.cif,27,179.78,-127.73
Sample 1,8olq_AF2.cif,28,104.54,-146.97
Sample 1,8olq_AF2.cif,29,-151.78,-150.44
Sample 1,8olq_AF2.cif,30,-146.68,5.55
Sample 1,8olq_AF2.cif,31,-179.78,-61.83
Sample 1,8olq_AF2.cif,32,-19.17,153.45
Sample 1,8olq_AF2.cif,33,-145.9,146.3
Sample 1,8olq_AF2.cif,34,-0.5,90.27
Sample 1,8olq_AF2.cif,35,-131.63,64.2
Sample 1,8olq_AF2.cif,36,-70.67,-52.78
Sample 1,8olq_AF2.cif,37,-46.72,-31.46
Sample 1,8olq_AF2.cif,38,-178.24,-77.85
Sample 1,8olq_AF2.cif,39,-30.42,-135.28
